{
  "title": "Users",
  "description": "Manage user accounts and profiles",
  "category": "Core Resources",
  "order": 1,
  "endpoints": [
    {
      "method": "GET",
      "path": "/v1/users",
      "summary": "List all users",
      "description": "Returns a list of users in your account",
      "parameters": [
        {
          "name": "limit",
          "type": "integer",
          "required": false,
          "description": "Number of users to return (1-100)",
          "example": "10"
        },
        {
          "name": "offset",
          "type": "integer", 
          "required": false,
          "description": "Number of users to skip",
          "example": "0"
        }
      ],
      "responses": [
        {
          "status": 200,
          "description": "Successful response",
          "example": "{\n  \"users\": [\n    {\n      \"id\": \"user_123\",\n      \"name\": \"John Doe\",\n      \"email\": \"john@example.com\",\n      \"created_at\": \"2024-01-15T10:30:00Z\"\n    }\n  ],\n  \"has_more\": false\n}"
        },
        {
          "status": 401,
          "description": "Unauthorized - Invalid API key"
        }
      ],
      "examples": {
        "curl": "curl -X GET \"https://api.example.com/v1/users?limit=10\" \\\n  -H \"Authorization: Bearer sk_test_123...\"",
        "javascript": "const response = await fetch('https://api.example.com/v1/users?limit=10', {\n  headers: {\n    'Authorization': 'Bearer sk_test_123...'\n  }\n});\nconst data = await response.json();",
        "python": "import requests\n\nresponse = requests.get(\n    'https://api.example.com/v1/users',\n    headers={'Authorization': 'Bearer sk_test_123...'},\n    params={'limit': 10}\n)\ndata = response.json()"
      }
    },
    {
      "method": "POST",
      "path": "/v1/users",
      "summary": "Create a user",
      "description": "Creates a new user account",
      "parameters": [
        {
          "name": "name",
          "type": "string",
          "required": true,
          "description": "Full name of the user",
          "example": "John Doe"
        },
        {
          "name": "email",
          "type": "string",
          "required": true,
          "description": "Email address of the user",
          "example": "john@example.com"
        }
      ],
      "responses": [
        {
          "status": 201,
          "description": "User created successfully",
          "example": "{\n  \"id\": \"user_123\",\n  \"name\": \"John Doe\",\n  \"email\": \"john@example.com\",\n  \"created_at\": \"2024-01-15T10:30:00Z\"\n}"
        },
        {
          "status": 400,
          "description": "Bad request - Invalid parameters"
        }
      ],
      "examples": {
        "curl": "curl -X POST \"https://api.example.com/v1/users\" \\\n  -H \"Authorization: Bearer sk_test_123...\" \\\n  -H \"Content-Type: application/json\" \\\n  -d '{\n    \"name\": \"John Doe\",\n    \"email\": \"john@example.com\"\n  }'",
        "javascript": "const response = await fetch('https://api.example.com/v1/users', {\n  method: 'POST',\n  headers: {\n    'Authorization': 'Bearer sk_test_123...',\n    'Content-Type': 'application/json'\n  },\n  body: JSON.stringify({\n    name: 'John Doe',\n    email: 'john@example.com'\n  })\n});\nconst data = await response.json();",
        "python": "import requests\n\nresponse = requests.post(\n    'https://api.example.com/v1/users',\n    headers={'Authorization': 'Bearer sk_test_123...'},\n    json={\n        'name': 'John Doe',\n        'email': 'john@example.com'\n    }\n)\ndata = response.json()"
      }
    }
  ]
}